{"accuracy": [0.8904814720153809, 0.9656111001968384, 0.9732221961021423, 0.9773703813552856, 0.9812407493591309, 0.9823703765869141, 0.9842592477798462, 0.9856666922569275, 0.9851852059364319, 0.9865925908088684, 0.9871110916137695, 0.9883333444595337, 0.9879259467124939, 0.9890555739402771, 0.9891296029090881], "loss": [0.36138129234313965, 0.11380495876073837, 0.0872674435377121, 0.07391444593667984, 0.06363070756196976, 0.056590113788843155, 0.05263068154454231, 0.04719490930438042, 0.046165045350790024, 0.04226147010922432, 0.04009877145290375, 0.037646252661943436, 0.036738742142915726, 0.03376663476228714, 0.03301861882209778], "val_accuracy": [0.9779999852180481, 0.984000027179718, 0.9863333106040955, 0.9878333210945129, 0.9901666641235352, 0.9888333082199097, 0.9908333420753479, 0.9904999732971191, 0.9903333187103271, 0.9913333058357239, 0.9906666874885559, 0.9908333420753479, 0.9916666746139526, 0.9908333420753479, 0.9918333292007446], "val_loss": [0.08302917331457138, 0.05972326546907425, 0.047896333038806915, 0.0453525185585022, 0.03976450487971306, 0.038768380880355835, 0.036095038056373596, 0.0345383957028389, 0.033637553453445435, 0.034331806004047394, 0.03189330920577049, 0.03368941694498062, 0.030818799510598183, 0.03171361982822418, 0.03301794454455376]}